{
  "hash": "efd4dde5",
  "configHash": "72b2a418",
  "lockfileHash": "c270dd61",
  "browserHash": "830b1df2",
  "optimized": {
    "@angular/common/http": {
      "src": "../../../../../../node_modules/@angular/common/fesm2022/http.mjs",
      "file": "@angular_common_http.js",
      "fileHash": "42d623a9",
      "needsInterop": false
    },
    "@angular/core": {
      "src": "../../../../../../node_modules/@angular/core/fesm2022/core.mjs",
      "file": "@angular_core.js",
      "fileHash": "adff975b",
      "needsInterop": false
    },
    "@angular/platform-browser": {
      "src": "../../../../../../node_modules/@angular/platform-browser/fesm2022/platform-browser.mjs",
      "file": "@angular_platform-browser.js",
      "fileHash": "193b40b2",
      "needsInterop": false
    },
    "@angular/router": {
      "src": "../../../../../../node_modules/@angular/router/fesm2022/router.mjs",
      "file": "@angular_router.js",
      "fileHash": "12c2a3ca",
      "needsInterop": false
    },
    "@angular/forms": {
      "src": "../../../../../../node_modules/@angular/forms/fesm2022/forms.mjs",
      "file": "@angular_forms.js",
      "fileHash": "fc8f5aa5",
      "needsInterop": false
    },
    "rxjs": {
      "src": "../../../../../../node_modules/rxjs/dist/esm5/index.js",
      "file": "rxjs.js",
      "fileHash": "cd6319a1",
      "needsInterop": false
    },
    "@auth0/angular-jwt": {
      "src": "../../../../../../node_modules/@auth0/angular-jwt/fesm2020/auth0-angular-jwt.mjs",
      "file": "@auth0_angular-jwt.js",
      "fileHash": "957a9d44",
      "needsInterop": false
    }
  },
  "chunks": {
    "chunk-73YXUCB7": {
      "file": "chunk-73YXUCB7.js"
    },
    "chunk-CEDUHLEF": {
      "file": "chunk-CEDUHLEF.js"
    },
    "chunk-5R5AAFN2": {
      "file": "chunk-5R5AAFN2.js"
    },
    "chunk-I3LPRC6Y": {
      "file": "chunk-I3LPRC6Y.js"
    },
    "chunk-A4MJKIFP": {
      "file": "chunk-A4MJKIFP.js"
    }
  }
}